{"cameraMode":{"drawMode":0,"name":"Shaded","section":"Shading Mode"},"sceneLighting":true,"audioPlay":false,"sceneViewState":{"m_AlwaysRefresh":false,"showFog":true,"showSkybox":true,"showFlares":true,"showImageEffects":true,"showParticleSystems":true,"showVisualEffectGraphs":true,"m_FxEnabled":true},"in2DMode":false,"pivot":{"x":-1.1305179595947266,"y":4.676080226898193,"z":32.20365905761719},"rotation":{"x":0.051157426089048389,"y":-0.07066670805215836,"z":0.003633237211033702,"w":0.9961651563644409},"size":27.10838508605957,"orthographic":false}