{"cameraMode":{"drawMode":0,"name":"Shaded","section":"Shading Mode"},"sceneLighting":true,"audioPlay":false,"sceneViewState":{"m_AlwaysRefresh":false,"showFog":true,"showSkybox":false,"showFlares":true,"showImageEffects":true,"showParticleSystems":true,"showVisualEffectGraphs":true,"m_FxEnabled":true},"in2DMode":false,"pivot":{"x":0.06334805488586426,"y":-0.011594927869737149,"z":-0.13462591171264649},"rotation":{"x":0.0075315432623028759,"y":0.9910778403282166,"z":-0.06277149170637131,"w":0.11722730845212937},"size":0.4164387881755829,"orthographic":false}