{"cameraMode":{"drawMode":0,"name":"Shaded","section":"Shading Mode"},"sceneLighting":true,"audioPlay":false,"sceneViewState":{"m_AlwaysRefresh":false,"showFog":true,"showSkybox":false,"showFlares":true,"showImageEffects":true,"showParticleSystems":true,"showVisualEffectGraphs":true,"m_FxEnabled":true},"in2DMode":false,"pivot":{"x":0.5619857311248779,"y":0.04779477417469025,"z":-0.0066406927071511749},"rotation":{"x":0.04466281086206436,"y":0.5675057768821716,"z":-0.03085319511592388,"w":0.8215739727020264},"size":0.663500189781189,"orthographic":false}