{"cameraMode":{"drawMode":0,"name":"Shaded","section":"Shading Mode"},"sceneLighting":true,"audioPlay":false,"sceneViewState":{"m_AlwaysRefresh":false,"showFog":true,"showSkybox":false,"showFlares":true,"showImageEffects":true,"showParticleSystems":true,"showVisualEffectGraphs":true,"m_FxEnabled":true},"in2DMode":false,"pivot":{"x":4.9110188484191898,"y":-0.5397591590881348,"z":1.4894486665725709},"rotation":{"x":0.07983581721782685,"y":0.6061097383499146,"z":-0.061197295784950259,"w":0.7889724373817444},"size":3.500532627105713,"orthographic":false}